{
  "assetsByChunkName": {
    "vendors~app-account~app-confirmation~app-order": "chunk.9b0f36aaf21fc3fc38fb.js",
    "vendors~app-account~app-checkout": "chunk.3087645128a8872d3c89.js",
    "vendors~app-cart~app-checkout": "chunk.8b95387cddb20e936b25.js",
    "admin": [
      "admin.749d166c65c874852c68.js",
      "admin.749d166c65c874852c68.js.map"
    ],
    "app-account": "chunk.d76250024d597f8a8531.js",
    "app-checkout": "chunk.d1edfae3e0b94a645dd2.js",
    "app-confirmation": "chunk.efee93a03c55f4d42596.js",
    "checkout": [
      "checkout.b70bdaa987bf67117c05.js",
      "checkout.b70bdaa987bf67117c05.js.map"
    ],
    "storefront": [
      "storefront.f9157585252540d12d2d.css",
      "storefront.d961ec3cc349ccf1e4ca.js",
      "storefront.f9157585252540d12d2d.css.map",
      "storefront.d961ec3cc349ccf1e4ca.js.map"
    ],
    "vendors~app-cart": "chunk.1db47d776ee4c105222b.js",
    "vendors~app-order": "chunk.e38ea9fea3b0793dd0d0.js"
  }
}